{
  "fixed_format": {
    "total_bits": 32,
    "frac_bits": 20
  },
  "config": {
    "physics": {
      "gamma": 0.2,
      "omega2": 1.0,
      "h2": 0.25,
      "mu": 1.0,
      "dt": 0.01
    },
    "sim": {
      "max_steps": 5000,
      "r_settle": 0.1,
      "v_settle": 0.01,
      "min_consec": 3,
      "classify_on_timeout": true,
      "force_mode": "float-force",
      "lut_size": 4096,
      "lut_q_max": 64.0
    },
    "render": {
      "x_min": -1.8,
      "x_max": 1.8,
      "y_min": -1.8,
      "y_max": 1.8,
      "width": 1024,
      "height": 1024
    },
    "output": {
      "out_dir": "pendulum_fixed_outputs",
      "save_plots": true,
      "show_plots": false
    },
    "magnet_positions": [
      [
        1.0,
        0.0
      ],
      [
        -0.5,
        0.8660254037844386
      ],
      [
        -0.5,
        -0.8660254037844386
      ]
    ],
    "colours": {
      "0": [
        220,
        60,
        60
      ],
      "1": [
        60,
        180,
        60
      ],
      "2": [
        60,
        60,
        220
      ],
      "-1": [
        30,
        30,
        30
      ]
    }
  },
  "elapsed_s": 2838.821778535843,
  "pixels": 1048576,
  "pixels_per_second": 369.3701407845391,
  "mean_steps": 4985.885527610779,
  "median_steps": 5000.0,
  "p99_steps": 5000,
  "max_steps_observed": 5000,
  "strict_settled_pixels": 4405,
  "strict_settled_fraction": 0.004200935363769531,
  "basin_counts": {
    "0": 344032,
    "1": 350391,
    "2": 354153
  },
  "comparison": {}
}